Countries,USA,AL,AK,AZ,AR,CA,CO,CT,DE,DC,FL,GA,HI,ID,IL,IN,IA,KS,KY,LA,ME,MD,MA,MI,MN,MS,MO,MT,NE,NV,NH,NJ,NM,NY,NC,ND,OH,OK,OR,PA,RI,SC,SD,TN,TX,UT,VT,VA,WA,WV,WI,WY
Denmark,28796,48,58,659,89,6740,774,608,11,41,1771,542,148,65,679,112,67,56,113,76,138,415,1400,505,410,74,149,49,65,459,146,1174,42,2100,759,85,499,71,693,815,184,298,22,240,1912,496,34,730,1759,47,339,30
Ireland,121499,228,67,1410,253,15973,1471,3122,332,570,9268,1466,254,115,6883,842,141,176,744,447,312,1928,14052,1187,787,203,521,114,175,593,793,8072,287,27106,2001,9,1505,184,1692,4473,590,944,3,723,3707,268,259,2049,2504,29,568,99
Norway,22052,102,162,431,81,3699,473,400,23,111,2113,283,88,173,627,125,213,59,67,178,74,506,467,261,503,37,109,67,37,147,129,810,91,2031,399,70,246,71,866,675,109,152,20,12,1921,358,11,431,1694,9,313,18
Sweden,47489,167,179,1080,81,12343,1029,941,24,336,4316,843,269,106,1273,122,269,74,233,211,105,795,1718,788,532,22,282,27,44,425,331,1002,114,4083,1613,14,383,123,838,1150,117,778,31,488,2921,592,114,1308,2227,24,572,32
United Kingdom,709840,4319,885,18167,2951,128737,13776,14797,1974,2844,77986,20069,1993,2372,19252,5963,2050,3262,3670,2815,2972,12898,25998,14224,5719,1850,5695,1461,1407,7679,3953,26254,3184,64243,21125,381,13046,3400,12380,21561,2618,9593,629,8428,53822,5523,1805,20045,21969,1350,5795,951
Austria,40445,306,24,1064,81,6851,806,718,52,108,3979,840,132,322,2593,291,104,34,198,149,207,664,896,1088,361,121,398,68,42,483,294,2005,203,5000,721,71,1515,205,662,1144,77,501,12,459,1104,227,135,1494,657,50,884,45
Belgium,35017,138,24,520,48,6123,993,691,86,380,3837,964,184,78,918,142,49,115,172,342,180,1078,1260,707,254,53,281,77,40,319,56,1257,82,5268,972,5,485,86,515,648,91,380,4,238,2128,262,57,1153,879,46,337,15
France,184856,1121,275,3286,471,39974,2676,3214,220,1748,19333,3885,945,292,5730,1272,223,529,900,963,508,4352,7613,2922,1669,285,1547,225,260,1960,618,7328,653,25567,2979,333,3101,528,2700,4508,691,1827,90,1248,11389,894,400,5324,5184,217,767,112
Germany,543920,6624,1368,13979,2770,73893,13918,7041,1467,1579,52926,18083,2871,2540,19151,6571,2582,3404,5425,3379,2173,10714,12688,17015,6851,2008,7509,2067,2185,6429,2736,16955,3971,40273,15366,490,13726,5509,8129,18011,1292,9472,624,8162,36960,4775,1073,18840,17783,1421,8505,637
Netherlands,84052,289,221,2763,214,18097,1541,1138,419,243,8286,1981,317,446,2144,533,494,308,351,483,430,1495,2156,3868,894,249,484,358,131,955,538,2454,416,5188,1338,20,1939,222,2081,1935,413,676,120,633,5877,1734,250,2200,3400,120,1125,85
Switzerland,37295,35,113,817,42,9198,1454,472,69,181,3205,539,372,167,766,192,76,58,134,78,154,785,1560,459,409,23,285,163,36,416,347,1517,189,4527,660,10,445,58,802,876,162,313,35,214,1799,447,116,814,1229,13,359,105
Greece,121928,249,9,1163,65,10026,666,3935,514,239,9605,1225,70,151,10576,1382,218,85,205,343,246,2924,10315,2692,454,221,579,10,241,741,790,8313,482,29724,2442,76,2770,127,685,5696,581,1138,12,767,3566,498,139,3118,915,105,817,18
Italy,321494,486,180,4392,247,31765,1913,15645,960,940,30483,2855,527,457,15387,1308,326,313,576,882,354,4648,17379,7672,1099,185,1864,148,292,1710,814,35079,574,86021,4516,50,7308,448,1373,17223,2327,1262,24,1369,7626,555,234,4757,2326,565,1963,87
Portugal,171499,616,38,445,33,25917,298,8994,116,119,9287,637,186,212,405,169,44,78,101,52,277,1589,51203,302,105,22,123,8,14,691,1074,29542,90,11111,874,0,353,320,195,3384,16536,799,0,250,1918,124,32,1823,749,78,107,59
Spain,120292,397,68,1765,248,16738,1792,2237,175,1564,21619,1984,464,536,3141,1522,427,471,489,620,436,2626,5016,1558,889,211,750,177,351,506,252,10120,752,14114,1906,100,1562,383,662,2602,449,1073,94,573,8905,1275,109,3257,2062,219,984,62
Albania,101356,26,11,1648,9,1633,102,5475,51,250,9491,185,3,104,5995,144,31,63,235,19,90,630,12249,12356,248,11,1155,3,35,274,577,5234,33,26905,637,0,2024,122,118,6127,431,364,6,353,2726,208,44,1345,469,25,1043,39
Belarus,70143,93,48,463,89,10325,1204,927,47,183,3454,845,82,83,6150,82,142,126,346,43,29,1205,2927,465,1490,37,827,222,260,197,36,4695,13,17957,1031,17,931,76,757,4182,170,670,115,143,1101,283,43,1093,3859,103,477,0
Bosnia and Herzegovina,107368,84,44,3695,7,4695,1431,2789,2,13,8878,4189,103,732,10701,1389,5758,110,3073,245,110,468,1875,6227,2571,31,9018,0,621,967,883,1070,49,9335,2197,332,3361,86,627,3465,80,380,156,968,4852,1848,972,2293,3504,7,1071,6
Bulgaria,74181,163,69,1770,68,10105,1078,1010,318,405,6144,1783,493,288,14254,856,305,314,388,401,380,1662,2836,1327,541,91,1205,96,41,1938,160,3038,86,5590,930,20,1139,207,700,2132,178,555,0,461,2233,290,34,2403,2932,10,721,33
Croatia,38451,233,9,1150,10,4584,428,440,50,73,3888,678,120,90,3825,993,379,69,311,151,25,251,733,767,291,4,621,9,49,659,341,2722,6,7059,507,154,2066,61,328,683,34,46,149,284,1016,345,53,399,437,17,838,16
Czechoslovakia,66081,219,103,1266,211,8885,1870,1251,90,237,8169,2036,247,151,5193,330,154,244,214,148,407,1346,1898,1228,464,104,407,127,73,740,152,4020,274,9244,1407,26,1874,167,1183,2077,63,475,16,626,1849,596,109,1294,1761,106,924,26
Hungary,65582,158,24,1588,60,11231,1104,1730,256,133,9289,783,85,154,1585,624,100,212,173,208,167,1104,2020,913,483,56,564,180,108,1618,362,4504,84,8888,1402,3,2280,114,780,2277,214,552,13,595,2576,479,120,1123,1569,89,835,13
Latvia,23070,78,55,217,0,3197,458,387,123,87,1523,682,102,44,1546,334,116,73,117,57,13,534,998,982,598,15,84,32,104,245,41,1596,123,3389,407,7,574,37,154,626,60,182,7,276,534,38,3,717,991,0,507,0
Lithuania,34118,99,83,386,8,3727,544,1021,57,126,3022,579,108,36,10438,434,86,6,59,36,33,440,1092,936,231,39,71,16,91,410,69,1565,56,2830,322,55,829,17,418,832,62,119,16,91,611,59,36,761,786,9,361,0
Moldova,52107,331,402,252,78,10551,706,441,52,12,3446,964,40,112,4296,153,107,286,89,242,18,942,2350,496,1289,13,361,219,44,246,88,1897,35,7177,1564,127,756,152,1471,1433,64,593,35,685,887,281,177,1057,4910,38,142,0
North Macedonia (Macedonia),27747,0,105,122,12,745,175,1187,7,12,886,99,20,102,4143,1004,150,26,67,88,9,116,114,4102,52,0,142,0,41,200,63,4814,0,4696,115,15,1503,0,208,456,114,155,0,82,552,14,36,337,168,0,693,0
Poland,419099,228,269,5068,473,21395,4548,23016,625,783,24619,3122,369,320,127757,2870,457,208,586,181,720,3660,11903,11481,2081,207,1448,213,526,2436,775,48969,343,68651,3681,53,4892,523,1391,11768,1058,1899,72,1520,7354,876,314,4055,4667,73,4492,104
Romania,166674,501,169,6008,293,22578,1480,2236,220,305,14849,6466,238,567,15467,1321,329,643,280,903,258,2388,2992,9301,939,93,1063,217,229,2837,774,6214,242,21003,2998,211,6366,345,4231,5225,534,1270,98,1756,7302,657,141,2832,7617,116,1357,215
Russia,407564,1178,768,3808,376,69953,7517,5708,787,1071,31310,6938,763,783,17459,3528,1365,1180,1848,1285,530,9668,17585,6314,6299,501,3634,388,617,2441,1402,20586,537,79742,7205,327,8730,1270,5655,15070,1226,3681,259,2586,15967,1420,508,9808,21295,292,3992,404
Serbia,40543,0,131,1128,44,4350,269,756,104,364,3609,481,106,88,7901,619,74,69,250,0,20,770,1240,1211,262,8,364,0,81,863,117,1934,216,5020,338,45,1568,111,246,930,61,101,19,128,2145,107,14,923,540,7,788,23
Ukraine,373476,751,738,2174,190,59017,3801,4891,215,548,20356,3928,349,1446,28346,2320,662,965,1436,641,264,6232,10922,6338,4501,170,2925,515,1040,1798,812,21755,436,77987,5898,96,10044,919,8703,19431,836,3750,1331,2484,7309,633,196,4603,36301,88,1969,416
China,2197387,8314,1473,21755,3568,678842,17976,23326,5736,3676,54979,36628,19205,2549,73430,20573,8950,8598,8201,6603,2536,44639,103528,34633,17836,3138,17470,1052,4412,18884,4067,78825,3365,409860,27351,904,36486,7434,21833,66590,5049,9058,1099,13606,111389,7034,1671,42061,79714,1514,15210,757
Hong Kong,240192,438,77,2536,94,105695,1004,1166,769,370,4809,2001,4310,257,5451,884,254,400,340,261,53,4195,8599,1573,1235,41,927,192,149,2616,333,10666,122,43388,2042,31,2135,240,2573,3370,509,732,26,447,8869,1249,107,3250,8726,37,620,24
Taiwan,377844,1329,188,4574,462,178582,2861,2335,721,292,7531,5678,2688,319,7766,1886,426,1479,722,728,310,8890,8749,5054,2126,395,2620,185,598,4688,591,14821,634,30267,3528,113,3884,970,3114,6324,527,1248,21,1914,28711,1297,326,7643,16045,209,1422,53
Japan,345530,2292,851,5125,679,104573,4412,2584,485,885,11759,7471,22550,953,10904,5217,981,1537,2875,1654,438,5266,7542,10426,2523,567,1746,407,1279,5227,611,9726,1085,27898,6007,513,8218,1551,6509,4608,685,2000,384,3570,17850,1861,205,8792,17447,778,1869,155
Korea,1035281,10123,3528,10489,1911,314155,15225,7696,1752,1963,20537,44043,17657,1408,40910,7705,5072,3700,3764,1887,987,33210,18112,20822,12367,975,6834,592,2508,11243,2017,70534,1844,83124,16065,718,11306,4281,12134,26934,1200,4574,1001,7506,57435,4035,570,54263,47693,772,5689,411
Afghanistan,118496,95,11,1820,24,49224,1361,1208,207,85,1156,1820,12,315,850,259,304,228,452,109,507,3487,590,889,330,59,638,0,792,698,65,1744,193,8776,876,342,731,96,761,1349,0,173,117,432,10593,664,2,18296,5621,0,135,0
Bangladesh,259597,675,29,2355,562,16440,1073,3679,912,377,11665,8589,95,15,2279,1587,606,842,356,1336,134,6019,4665,17190,1075,17,1047,2,119,967,83,13843,229,114714,2174,157,1875,1026,797,8652,79,473,20,690,15891,163,37,11701,1312,181,700,93
India,2681209,9437,577,43334,8993,523659,21181,41389,11410,3066,91543,101033,1442,2358,162991,31649,11054,13677,13206,7113,1225,62361,81624,77458,31259,4311,22338,243,6208,9812,7866,275278,2900,158855,77793,1505,67340,10223,19542,98355,6803,16503,1229,23599,290351,8348,1368,94434,94167,2548,25925,326
Iran,391865,975,382,5641,526,208033,3302,1756,387,1427,10077,6536,458,763,6578,1655,420,1479,1289,1217,304,11796,7069,4002,1897,431,1523,146,348,4471,372,4677,1150,17849,4002,328,3260,1962,4549,4137,211,1236,53,3137,31290,2127,180,14390,10422,250,1211,184
Kazakhstan,33918,250,49,313,0,5560,470,301,78,184,3027,361,53,42,1771,222,69,96,155,131,80,670,993,574,668,8,161,50,77,260,69,1142,72,5749,857,11,643,151,1047,1138,71,374,0,172,1947,157,55,943,2389,42,216,0
Nepal,153937,934,354,1463,161,15314,5348,749,103,285,1702,3461,228,931,2900,585,1169,1405,2235,1210,129,9027,6357,2452,2705,484,1323,79,1795,551,2113,2271,499,16178,3954,1174,9568,745,897,6649,60,346,970,1972,25002,1297,971,9489,2764,291,1204,84
Pakistan,386353,1777,226,2534,1056,49231,2017,5979,928,353,13101,11002,116,186,29463,3026,1335,1277,1204,2563,208,17454,7206,10231,3142,424,2964,78,422,1428,275,27146,435,61968,5631,183,4632,1815,918,10383,552,1306,159,2243,61112,1913,125,25921,5593,367,2710,35
Sri Lanka,54882,76,43,626,127,11501,424,1026,141,24,2368,1203,281,27,1066,796,521,402,203,135,4,3581,1905,1103,735,6,205,158,124,712,173,3146,157,7460,1119,84,1431,141,810,1135,95,107,0,356,5081,125,56,2421,968,115,301,78
Uzbekistan,69395,97,22,646,14,6804,705,288,0,58,2021,1692,31,55,1988,130,26,80,812,0,5,1048,670,831,189,0,187,0,81,198,117,2113,102,32766,694,18,3381,108,919,4032,152,192,16,1011,1507,87,0,830,2502,0,170,0
Burma,155955,15,28,2333,236,26767,2593,386,23,184,3679,5660,186,224,4445,16319,4386,2667,3447,526,6,4871,1654,3495,8585,21,1479,0,3600,418,197,1402,33,15234,4476,0,1532,4970,1238,1948,266,643,840,2152,13317,835,256,1963,2507,133,3747,33
Cambodia,148389,553,164,1616,293,52153,2149,1678,29,191,3645,2299,349,130,2819,825,521,637,994,574,834,1837,13584,1362,4205,138,783,12,69,903,348,758,42,3288,2604,14,2484,524,2272,8433,2140,886,162,860,9836,1572,98,4834,11309,2,565,12
Indonesia,97876,367,78,1790,528,39664,1826,726,102,211,3168,2196,716,255,1717,1222,299,530,335,577,125,2141,1970,1216,383,125,391,28,154,1291,498,2126,213,6128,1792,53,1431,572,1165,4018,172,241,42,621,7744,391,29,2022,3738,92,534,123
Laos,178195,540,1614,1260,3393,48917,2323,1723,105,0,4079,4764,1189,789,3315,723,3542,3301,431,1344,67,1221,2039,3485,25343,39,730,74,496,1595,510,345,177,2149,5588,63,2427,2503,3269,2786,2211,1071,288,4291,8803,1359,54,2646,6020,21,13173,0
Malaysia,81169,524,66,1387,48,17723,1116,660,167,111,2520,2663,1105,243,2899,2379,788,633,616,205,56,1341,1959,1172,1007,86,495,40,755,694,292,2076,104,11873,2154,28,1332,1029,854,1881,96,146,28,1105,7914,383,44,1684,3132,42,1493,21
Philippines,1986609,4769,18867,29693,3811,827803,11901,9864,3298,1678,82375,19902,117665,2430,92717,12211,4489,5430,6087,6115,1636,37190,11501,19402,9822,3757,10507,1938,2847,91562,2517,85305,6138,89483,20347,2110,17493,5308,14561,21093,2518,10823,1701,11207,100810,6677,778,51958,72831,1841,8883,960
Singapore,35722,288,13,776,118,10649,660,336,52,218,1316,885,461,402,1206,461,98,140,249,236,24,656,1098,576,154,53,54,6,19,605,16,1328,43,4094,587,15,416,36,603,666,105,103,27,82,2822,409,11,657,1669,30,194,0
Thailand,255891,1363,2488,3875,1043,66259,3856,1396,314,196,11861,4779,3031,677,7755,4914,3607,1791,2037,1253,573,3927,5260,3252,20509,732,2468,197,3092,5523,702,3039,696,13700,5643,254,3009,2336,3773,4033,860,1879,864,3149,14340,2263,250,7336,9611,118,9840,168
Vietnam,1347339,7021,773,19179,4344,512001,17523,6705,1599,1978,59668,43586,9683,1222,23248,6344,7886,10494,3456,18550,1302,18093,38369,12544,17453,4182,10723,596,5454,11489,1963,15703,4151,25535,24831,595,10828,13587,22665,31872,1177,6821,319,9117,184721,7434,326,43713,61030,865,4398,223
Armenia,95130,17,1,411,0,78091,490,122,6,150,569,143,17,9,776,45,41,9,1,0,34,329,2290,431,40,0,48,20,17,2196,75,694,22,2388,168,0,380,72,260,738,202,35,2,28,943,443,14,800,1390,0,173,0
Iraq,235111,149,6,9209,277,41969,2878,728,0,215,5312,3542,33,1249,13783,382,1504,924,2526,396,780,1532,4599,57436,2096,22,3223,57,3155,1261,473,1635,530,6448,2405,258,3334,766,2720,2336,315,1032,346,8432,27197,1793,159,8834,5217,71,1567,0
Israel,140559,226,10,1643,105,33744,1427,1311,115,405,14920,3101,291,107,4525,515,136,87,249,902,134,3430,5355,2135,501,146,608,46,134,2901,232,9796,150,30319,1027,3,2498,380,1788,3688,165,855,29,643,4865,175,134,1372,2667,94,470,0
Jordan,87215,215,4,1337,507,16215,792,609,55,43,4522,1300,16,51,8818,1586,436,798,1119,1259,17,1037,1166,5610,740,417,1345,0,323,323,245,4675,355,6287,2313,45,4281,285,587,2072,169,238,14,924,8249,177,24,2717,1581,43,1261,13
Kuwait,33670,358,19,1256,43,6253,550,111,34,46,2010,785,0,87,1781,481,87,382,163,492,4,698,1165,1427,545,40,436,123,58,19,66,1305,519,1681,730,0,1105,463,341,628,34,222,0,336,4134,230,0,967,629,466,361,0
Lebanon,132520,364,11,1784,124,32512,852,1177,206,269,8338,1633,43,185,3132,603,764,615,264,650,0,1374,7409,25060,961,42,379,79,71,1110,631,4536,324,8123,2085,40,3627,297,839,2045,771,342,94,1111,9292,236,21,5441,2168,207,279,0
Saudi Arabia,68915,169,0,1360,509,7883,879,932,128,173,4205,1070,32,229,3969,1418,488,540,641,476,63,1300,1698,3386,1151,214,1080,294,641,441,54,1733,211,3294,1026,113,4077,817,638,2748,170,101,7,1047,9427,418,0,3598,2303,409,1313,42
Syria,105842,175,103,1957,147,29748,414,1088,8,196,6823,1571,0,131,7490,1036,105,364,214,500,211,2092,2970,5837,640,173,1401,0,248,725,267,5509,111,8160,1394,228,4074,518,794,5345,784,308,23,382,6708,255,2,2230,1511,513,359,0
Turkey,132932,492,135,1365,163,19403,1192,1919,1061,311,10404,3368,238,44,4468,741,180,291,177,548,159,3827,4972,1582,971,83,995,121,166,704,310,16500,294,20678,2747,81,1988,402,996,4996,496,645,44,1048,9368,301,205,7400,3212,107,979,55
Yemen,60865,238,0,151,283,9812,93,389,445,0,522,155,3,25,2069,627,28,36,3,945,0,471,337,20269,606,842,69,0,0,83,13,599,0,16247,1768,62,175,25,92,33,0,136,0,1040,571,25,0,944,351,47,183,53
Eritrea,50569,116,0,1664,0,7032,2024,75,110,259,761,2910,32,54,982,984,898,340,78,9,37,2532,681,654,2915,62,943,0,10,1210,0,367,28,1028,1570,43,2233,269,497,551,26,41,1127,195,6491,237,0,3196,4932,0,366,0
Ethiopia,266439,437,232,3404,71,24444,10690,1011,208,5539,2419,15931,17,213,4285,2109,1637,2003,1122,704,215,28119,5588,2121,24808,284,2303,142,1073,10019,353,2462,178,6008,4193,120,7954,707,3554,4550,91,605,2441,4721,25675,623,35,30977,18680,165,1196,3
Kenya,150926,1571,48,3083,120,11710,2564,640,1898,470,3388,7303,111,49,2340,2812,1026,3012,1040,451,447,7296,7904,1842,14660,75,4279,1,904,640,370,6669,229,4444,4382,1259,4573,1316,1446,4601,99,1189,186,831,21363,359,93,3661,11404,58,679,31
Somalia,99941,0,128,1548,0,3004,1619,63,0,36,202,1149,0,286,751,250,718,513,1715,25,1471,493,1670,1316,37966,27,1903,0,2120,189,181,92,0,3207,972,1714,11728,49,1436,807,0,51,421,2441,3686,1190,223,2903,8358,16,1304,0
Uganda,32934,133,52,528,23,4115,1124,439,11,166,692,2056,0,0,852,130,259,324,236,341,19,1473,5251,783,1553,82,348,11,123,195,94,1113,62,1393,1081,1,440,293,276,1039,0,299,71,275,2404,115,4,860,1554,10,166,65
Zimbabwe,26111,260,58,578,82,2365,493,149,67,42,1736,1578,108,245,362,1133,90,73,68,136,29,833,854,403,280,25,422,13,130,357,98,1049,60,1607,1099,99,958,256,226,755,22,94,18,391,4762,224,79,840,330,137,38,0
Cameroon,76277,243,68,821,344,3042,581,726,729,660,1255,3876,107,1,1707,516,253,130,296,508,0,22807,1982,765,3433,186,300,0,206,421,193,2256,331,1597,1442,211,2475,682,294,1988,34,178,27,573,14691,99,0,2475,362,57,349,0
Congo,32128,126,0,933,72,1723,663,253,0,38,349,1519,106,42,1519,522,1122,426,1833,28,385,455,549,700,361,16,269,0,210,78,231,345,73,1395,3347,299,1735,99,418,690,0,144,288,698,6230,557,96,554,427,15,190,0
Democratic Republic of Congo (Zaire),55728,191,0,1327,100,1687,1370,1423,167,299,480,2779,16,790,4306,629,3899,201,3498,5,1253,1839,1143,1576,684,0,1972,0,162,239,425,539,790,2438,3471,580,1961,215,190,1009,19,67,835,1605,5580,121,361,1640,1277,0,542,28
Egypt,212876,476,70,1593,279,40850,1001,1722,339,240,12207,2424,183,175,6279,2061,698,542,494,1522,59,4462,5519,3969,2457,152,1102,146,410,1191,340,34136,95,27048,4545,187,3876,439,1638,6501,479,1639,217,11168,13580,391,52,10051,2543,384,919,26
Morocco,88132,228,1,848,82,7106,1637,1773,310,375,10195,1496,46,22,3642,485,516,185,910,325,165,2185,7882,1286,1445,147,589,8,101,839,364,5143,149,10418,2915,15,2584,450,702,5047,223,239,41,313,4046,166,52,7884,1873,78,572,29
Sudan,54762,177,353,1297,0,4334,2139,858,10,255,1374,1934,64,69,1480,554,4195,441,211,10,132,1885,535,1723,2077,107,631,13,2469,353,438,1201,28,3594,3093,604,1823,393,178,1295,0,17,281,1734,4729,672,96,3310,1260,86,242,8
South Africa,111143,709,193,2871,660,20762,2463,1675,243,464,11140,5865,518,404,2703,1227,506,809,999,363,597,2648,3240,1809,1456,435,1001,54,574,1086,288,3423,355,7421,4763,382,1819,636,1571,2630,66,902,297,1645,10161,737,65,2544,3003,156,740,65
Cabo Verde,42925,0,0,106,0,311,40,893,0,88,804,113,0,15,12,21,0,0,0,0,81,145,31659,5,18,0,0,0,0,0,21,127,0,184,197,0,36,150,15,25,7341,15,0,17,107,269,34,76,0,0,0,0
Ghana,188168,380,119,793,298,8491,3220,5491,1488,500,2931,10534,146,34,6682,1238,517,620,961,226,77,15576,11756,1565,3280,186,1465,39,316,456,223,16496,356,35973,3713,306,10128,1227,1125,5170,307,237,117,1466,10879,484,250,17809,1326,272,878,41
Liberia,95254,234,84,1196,79,3111,614,315,1155,81,2333,3934,45,6,734,710,2628,10,775,0,0,6985,3115,1647,13749,117,1158,10,73,262,237,8354,105,4802,4124,2848,2248,467,170,12240,3300,657,897,619,5512,190,14,1766,870,99,575,0
Nigeria,396630,1730,295,2454,587,32411,1998,3233,2412,2324,10695,25338,95,135,20654,11874,1111,944,1299,2136,285,41590,9240,6351,8148,656,3342,20,721,1715,454,25160,1218,32816,8459,784,7093,2651,811,10882,3228,1339,124,4776,90514,546,315,6335,2164,615,2400,153
Senegal,31620,196,4,272,66,1634,475,283,0,344,832,1260,0,0,796,495,113,403,792,53,1,2649,643,616,302,77,205,0,42,395,30,1519,0,7610,1364,20,2573,119,118,515,859,171,0,603,1448,0,62,853,457,70,249,32
Sierra Leone,45198,166,116,444,56,2517,192,101,285,220,507,1569,35,0,179,279,381,50,13,5,0,10555,1487,890,1255,44,335,0,81,46,96,2301,18,2949,1508,53,2681,169,99,3708,170,0,5,142,2949,85,0,5781,242,34,400,0
Australia,98216,509,237,1688,345,23721,2855,1077,82,614,5099,1934,1132,417,2596,640,412,345,472,304,393,2044,2773,1539,916,225,1004,220,228,1114,279,2661,286,13272,1640,67,1579,580,1898,2430,191,641,33,932,7382,1257,282,2246,4364,170,969,122
Fiji,46174,105,453,561,11,36612,134,15,0,17,452,71,401,45,227,68,0,72,12,7,0,202,85,46,40,0,53,27,3,613,0,96,101,61,128,0,69,32,1743,156,48,53,4,13,360,211,0,176,2591,0,0,0
Micronesia,30920,100,139,505,62,1256,517,0,0,0,683,809,10558,44,142,0,908,524,756,22,0,23,60,305,307,0,2057,38,28,381,0,0,7,155,435,0,423,438,1851,67,0,1042,0,232,1640,847,0,98,2966,9,486,0
Bahamas,34975,136,4,444,147,690,145,400,34,82,17861,3107,39,0,454,260,56,41,132,132,4,645,601,320,286,148,187,0,374,157,9,641,9,1821,1025,0,512,224,11,430,0,414,0,478,1852,71,7,227,188,118,52,0
Barbados,53861,87,21,721,21,838,178,707,221,142,6046,2155,15,0,385,370,38,37,105,193,30,1661,3629,100,131,11,27,0,29,86,117,2766,0,26685,960,3,462,68,77,1383,124,171,0,24,1768,0,37,992,145,0,95,0
Cuba,1313196,2254,506,8153,537,32384,2768,3830,457,580,999842,12463,149,167,7191,1555,901,1044,13415,6242,155,3296,3872,6140,1719,1030,2861,96,3556,22703,450,44800,2528,24331,8879,68,1932,1217,2826,6057,545,3522,189,4758,59424,876,48,5970,3211,202,1416,81
Dominica,34090,0,141,76,271,592,37,808,204,69,6020,2145,1,0,112,114,0,1,0,339,0,476,3049,25,39,0,61,54,0,83,48,3201,36,9759,514,0,50,4,0,2850,404,77,0,225,1779,7,11,288,55,0,65,0
Dominican Republic,1201155,548,867,1709,359,7116,2361,25714,2647,2239,134595,12334,411,132,3838,2242,402,502,432,4034,212,13663,100383,3919,1609,1091,736,141,460,1487,5255,203205,339,506549,13781,201,6413,808,294,77788,30883,1799,298,1710,13097,1813,115,6560,1621,485,1958,0
Grenada,36182,82,41,30,18,657,18,88,117,115,3996,836,134,0,94,250,66,20,108,22,0,864,486,46,11,24,43,0,134,37,0,1340,0,23073,837,8,101,50,14,871,0,183,0,99,834,0,0,373,58,0,4,0
Haiti,680871,864,325,1547,264,4941,1000,12934,3921,377,333343,14212,389,229,4098,3086,695,838,1355,1899,224,9088,59839,1595,1095,267,1101,137,222,785,722,50325,183,127027,5123,179,1934,254,477,15633,3371,978,91,1475,4762,252,175,4413,2202,21,598,6
Jamaica,786044,1421,241,2600,129,16160,2432,40647,3694,2661,226496,48244,408,59,8391,1890,355,409,1167,1369,687,27946,20366,4293,919,891,2143,37,241,1848,863,47886,392,234051,10829,327,4177,977,892,23307,1031,6690,163,2088,17652,438,432,11126,2353,603,1613,10
St. Vincent and the Grenadines,23936,29,1,0,16,334,46,312,91,109,2795,642,0,0,66,80,0,0,43,9,11,585,339,50,11,0,28,5,0,0,2,1235,10,14887,254,0,77,39,0,791,0,8,0,31,411,0,0,504,53,7,25,0
Trinidad and Tobago,231139,541,73,1071,424,5414,350,2854,1508,1263,44021,7756,346,31,1300,475,43,85,360,1620,54,11886,6281,1295,869,128,657,9,48,619,136,14900,81,92468,3474,2,1274,351,582,7509,432,1131,0,1090,9598,153,34,4718,1450,120,255,0
West Indies,21775,110,49,76,0,927,49,812,31,139,2508,981,15,18,178,81,24,6,82,121,0,561,781,120,18,33,9,0,6,212,0,769,82,9409,408,0,188,0,27,933,4,104,0,77,887,9,0,849,75,0,7,0
Belize,45520,31,29,338,130,15423,163,370,1,50,3898,875,57,11,4223,221,15,59,144,905,0,360,161,130,293,118,206,64,124,969,19,950,29,7160,492,31,116,134,291,584,21,282,31,544,4269,111,0,456,447,3,142,40
Costa Rica,95243,228,2,1475,408,12792,902,2247,217,389,16455,2994,30,307,1356,454,176,237,265,774,77,2704,2078,973,655,178,640,76,255,1194,113,14752,227,7808,3180,7,1385,235,792,3238,46,1406,13,775,6150,448,2,2057,1248,150,638,35
El Salvador,1395958,2730,528,10243,16521,441945,11350,6043,1196,10983,45997,27400,255,1056,10778,8508,4348,4314,1348,4630,363,110765,45054,3560,6729,589,3712,6,5576,25609,1074,46645,1421,109711,32354,123,8059,4097,4134,7367,2604,2974,1402,10322,218319,7704,94,109727,13592,758,1197,144
Guatemala,1015942,14427,260,14614,4422,284612,8004,16737,4853,2165,91934,38066,923,1462,24163,6919,5373,7162,6690,5735,255,41705,30492,6729,7264,3106,5975,104,9926,14651,501,44123,2026,60900,21595,146,9048,9494,6961,13589,16948,9105,2198,18780,82415,5995,187,36458,13344,404,2583,414
Honduras,684003,3707,189,3217,1486,64404,4758,7079,915,1481,104918,21324,239,515,11372,5040,1923,2777,4658,35935,127,22022,12865,2804,3843,2951,5032,42,2172,4623,973,35779,1252,54122,36770,115,5271,4405,1251,8464,770,12012,305,14573,135156,2655,15,29863,5274,400,2149,11
Mexico,10850260,47147,3861,495043,60059,3925037,211497,27344,14891,3869,261784,227166,5050,53285,628339,100958,41503,82123,29604,24731,823,34145,12895,77407,57982,19344,39975,2261,48302,217402,2003,103827,128873,213439,217920,2774,44157,102611,139767,54780,3444,61249,3628,88254,2434661,100215,620,56820,240241,1932,87239,7979
Nicaragua,248138,422,106,2556,389,59032,1033,1993,95,636,102009,3961,161,101,1807,1399,356,507,206,3749,88,6289,1062,525,978,309,633,88,297,3811,114,4805,465,9547,4395,76,901,595,764,2227,154,1011,88,679,17074,744,17,6306,1345,9,2209,15
Panama,105684,1078,125,1177,374,10074,982,634,372,494,22104,5928,170,107,2041,897,324,481,665,1063,48,2506,1284,819,532,245,647,103,183,1362,79,3823,271,18447,3071,187,1220,507,532,2059,393,1269,93,922,9908,331,27,3890,1194,125,512,5
Argentina,196841,161,149,1906,296,34885,2866,3301,547,966,56250,3477,274,398,4160,799,231,349,673,415,388,4141,3706,1305,1203,65,670,109,228,2702,108,10750,576,21415,3394,3,1498,675,682,4084,184,1457,36,1271,12124,3479,93,4426,2353,133,1449,31
Bolivia,78808,46,14,546,171,9018,453,632,58,236,10974,827,28,13,1937,187,24,123,152,356,8,7044,1277,174,259,170,256,0,55,499,9,3023,245,5487,448,3,116,150,245,1102,1278,716,23,206,3627,960,44,24639,615,34,297,4
Brazil,514496,1753,428,3166,1273,50271,5068,21332,635,1423,115132,17578,1310,817,8528,2411,1279,1659,1072,2965,433,10807,85592,7306,2957,471,2137,253,771,3688,2772,42724,494,29640,7958,164,4257,1179,2327,12338,2333,4735,82,2209,23097,7369,295,7387,8194,210,2175,42
Chile,104388,468,6,1550,353,15593,1991,2289,487,553,21947,1763,358,308,1992,526,209,124,292,248,131,2512,2475,964,436,57,465,51,317,1173,69,7620,395,12397,2207,92,877,111,840,2309,144,516,69,688,6638,2926,31,3510,2392,138,706,75
Colombia,833554,1772,595,5656,779,51440,4941,17949,1143,2737,292637,22590,579,982,15002,3016,1170,906,1651,2053,197,12706,24823,3707,3688,967,2787,279,1289,4762,1475,90639,1491,109277,17464,684,4402,1812,1712,13935,6171,10943,142,3640,58546,5190,207,13979,5269,264,3307,202
Ecuador,462202,472,259,1514,293,21385,1579,21460,443,356,52760,3664,223,328,17108,773,301,582,261,1123,284,5337,10645,901,7775,210,523,80,84,1287,159,90250,472,176084,6650,94,1664,375,517,9090,709,2700,95,934,10343,2190,77,5119,1715,165,677,113
Guyana,280822,191,73,815,85,4572,350,4959,705,478,32442,10518,77,26,1071,321,166,58,232,519,29,8408,1694,488,3705,69,122,74,0,183,22,24657,81,168177,2064,0,1173,131,17,4450,97,690,0,530,2936,70,20,2387,541,191,158,0
Peru,462230,934,407,4109,482,73565,4849,14621,549,1547,94512,8016,274,1371,8642,1937,530,789,1149,1047,590,17659,7154,1255,1895,479,1292,203,564,5184,656,60376,826,54529,6610,224,3670,1414,2607,6169,651,1544,104,2222,22937,7120,207,27659,4997,249,1451,403
Uruguay,51525,91,16,251,0,4378,332,1066,20,490,14720,2244,83,10,700,118,170,77,10,129,10,803,2141,233,485,46,141,57,23,659,150,7598,39,4783,869,25,353,20,279,950,19,541,0,148,2950,626,127,1384,641,36,484,0
Venezuela,457958,1755,275,2613,470,15343,3726,3486,397,979,235181,15946,559,517,7261,5871,407,1187,1251,1575,129,4045,5727,1686,1940,329,1466,99,846,2323,150,12466,313,17311,8542,4,3393,2811,1413,4083,633,3147,19,4657,62285,6642,183,7222,2792,196,2049,258
Canada,818916,3495,2811,40395,2290,128174,14845,12749,1268,2081,109848,18055,4931,5295,19521,7645,2752,3080,4372,2919,9517,8742,28434,35451,11679,1403,4884,3305,2035,11135,7966,16996,2352,58625,18157,2836,15008,4642,14734,16838,2325,8141,1101,9094,53912,8768,5080,13111,46899,1203,6709,1308
